Mínimo,Máximo,Media_Máximo,Media_Mínimo
1.0165,19675.0,3136.5104714285717,3136.5104714285717
